requete,clics,impressions,ctr,position
cartoonova,23,55,41.82,1.04
cartoonnova,1,2,50,2.5
912345678,0,1,0,9
artiste carton,0,2,0,9.5
artiste indépendant,0,3,0,23
artiste visuelle,0,1,0,31
canta artiste,0,1,0,5
cantona art,0,1,0,12
caroline cournède,0,1,0,23
caronova,0,1,0,3
cartomino,0,1,0,17
cartona,0,9,0,68.22
cartoni,0,7,0,62.14
cartono,0,2,0,48
cartonova,0,1,0,66
cartonus,0,2,0,59
cartoon arte,0,1,0,11
cartoona,0,13,0,22.54
cartoonearl,0,1,0,2
cartooneo,0,1,0,25
cartoonhdporn,0,1,0,7
cartoonpornb,0,1,0,9
cartoonyaoi,0,1,0,4
cartouv,0,1,0,3
find a cartoonist,0,1,0,4
fotonova,0,2,0,56.5
karikatur erstellen lassen,0,11,0,64.91
kintarou artist,0,1,0,5
laurie cardot art,0,2,0,8
radetoon,0,1,0,27
ritratti personalizzati cartoon,0,41,0,23.78
ritratto cartoon personalizzato,0,3,0,9.33
ronova arts,0,2,0,8.5
